O2,O=O
HO2,[H]OO
C2H5,[H]C([H])C([H])([H])[H]
C2H6O,[H]OC([H])([H])C([H])([H])[H]
C2H5O,[H]OC([H])C([H])([H])[H]
H,[H]
CH3O,[H]OC([H])[H]
HO,[H]O
CH3,[H]C([H])[H]
CH2O,[H]C([H])=O
C2H4,[H]C([H])=C([H])[H]
C2H5O,[H]C([H])([H])C([H])([H])O
C2H5O,[H]OC([H])([H])C([H])[H]
CH2O,[H]CO[H]
CH2,[H]C[H]
H2O2,[H]OO[H]
H2O,[H]O[H]
C2H4O,[H]C(=O)C([H])([H])[H]
C2H3,[H]C=C([H])[H]
CHO,[H]C=O
C2H4,[H]CC([H])([H])[H]
C2H3O,[H]C([H])C([H])=O
O,O
C2H4O,[H]OC([H])=C([H])[H]
CH,[H]C
C2H5O2,[H]OC([H])C([H])([H])O[H]
CH4,[H]C([H])([H])[H]
CO,C=O
C2H3O,[H]OC=C([H])[H]
C2H5O2,[H]OC([H])(O)C([H])([H])[H]
C2H4O,[H]C([H])C([H])([H])O
C2H3O,[H]C([H])([H])C=O
C2H4O,[H]CC([H])([H])O[H]
C2H6O2,[H]OC([H])(O[H])C([H])([H])[H]
CHO3,[H]C(=O)OO
C2H4O2,[H]OC([H])(O)C([H])[H]
CO2,O=C=O
CHO3,[H]OC(O)=O
C2H3O2,[H]OC(=O)C([H])[H]
H2,[H][H]
CH4O,[H]OC([H])([H])[H]
C2HO,[H]C=C=O
CH3O2,[H]C([H])([H])OO
CH3O,[H]C([H])([H])O
C3H6,[H]C([H])=C([H])C([H])([H])[H]
C2H3O2,[H]C([H])=C([H])OO
C2H4O2,[H]OC([H])([H])C([H])=O
CHO2,[H]C(O)=O
CH2O2,[H]C([H])OO
C2H5O2,[H]C([H])([H])C([H])([H])OO
C2H2,[H]C([H])=C
C2H3O,[H]C=C([H])O[H]
C2H,[H]C#C
C2H2O2,[H]C=C([H])OO
C2O,C=C=O
CHO2,[H]OC=O
C2H2O2,[H]OC([H])=C=O
C2H2O,[H]C#CO[H]
C2HO2,[H]C(O)=C=O
O3,OOO
C2H4O2,[H]C(OO)C([H])([H])[H]
C2O2,O=C=C=O
CH3O2,[H]OC([H])([H])O
O4,OOOO
CH2O2,[H]OC([H])=O
C3H2O3,[H]C(=O)C=C([H])OO
C2H2O2,[H]OC#CO[H]
C2HO2,[H]OC=C=O
CH2O2,[H]C([H])(O)O
CH4O2,[H]OOC([H])([H])[H]
C2H3O2,[H]C(=O)C([H])([H])O
C2H2O2,[H]C(=O)C([H])=O
C2H3O2,[H]OC([H])C([H])=O
C3H2O2,[H]C(=O)C([H])=C=O
C2H4O2,[H]C([H])C([H])([H])OO
C3HO2,[H]C(=O)C=C=O
C3HO3,[H]C(=O)C(O)=C=O
C2H3O3,[H]OOC([H])([H])C=O
C2H4O3,[H]OOC(O[H])=C([H])[H]
CHO3,[H]C1(O)OO1
C3H4O,[H]C(=C=O)C([H])([H])[H]
C3H3O,[H]C(=O)C=C([H])[H]
C2H3O2,[H]CC([H])(O)O[H]
C2HO2,[H]C#COO
C2HO2,[H]CC(O)=O
CO3,OOC=O
C2H4O2,[H]OC([H])=C([H])O[H]
C2O3,OOC=C=O
C3H4,[H]C=C([H])C([H])[H]
C2H3O2,[H]OC([H])([H])C=O
C3H5,[H]C([H])C([H])=C([H])[H]
CHO2,[H]COO
C3H4O,[H]OC=C([H])C([H])[H]
C3H3O,[H]C=C([H])C([H])=O
C3H4O3,[H]C(C([H])=O)C([H])([H])OO
C3O2,O=C=C=C=O
C2HO2,[H]C(=C)OO
C2HO,[H]C(C)=O
CO3,OC(O)=O
C2H2O2,[H]C([H])(O)C=O
H2O3,[H]OOO[H]
C3HO3,[H]OC(C=O)=C=O
C3HO3,[H]OC(=O)C=C=O
